{
  "optimal_k": 4,
  "elbow_k": 4,
  "best_silhouette_k": 2,
  "wcss_scores": {
    "2": 209.4342803955078,
    "3": 108.35824584960938,
    "4": 65.77092742919922,
    "5": 46.225589752197266,
    "6": 32.593013763427734,
    "7": 29.38751983642578,
    "8": 26.30286407470703,
    "9": 24.43815803527832,
    "10": 22.144725799560547
  },
  "silhouette_scores": {
    "2": 0.5679554343223572,
    "3": 0.5295525193214417,
    "4": 0.5422303676605225,
    "5": 0.5669143199920654,
    "6": 0.5592782497406006,
    "7": 0.5334732532501221,
    "8": 0.45663103461265564,
    "9": 0.438438355922699,
    "10": 0.4081346392631531
  },
  "optimal_silhouette": 0.5422303676605225
}